{"Scotland": 1735.8278599014627, "England": 1940.3291628795612, "Wales": 1726.1481962449238, "Northern Ireland": 1567.401147063609, "Canada": 1732.7922966030803, "United States": 1822.0925156017374, "Argentina": 2069.4998932056083, "Uruguay": 1909.07178411861, "Austria": 1850.680433981841, "Hungary": 1812.976710374897, "Czechoslovakia": 1693.8775745252262, "Belgium": 1960.752657220444, "France": 1984.6895058751925, "Switzerland": 1812.9334106176636, "Alderney": 1145.24887647436, "Guernsey": 1683.957371182691, "Jersey": 1774.4167020538234, "Netherlands": 1950.4277953974147, "Germany": 1899.8001546880043, "Sweden": 1745.1525490099232, "Norway": 1736.7993658193004, "Italy": 1931.088950999999, "Chile": 1730.4609196238844, "Finland": 1632.0718196912155, "Luxembourg": 1521.9360933221217, "Catalonia": 1708.194502568378, "Russia": 1777.4624324812692, "Denmark": 1862.3618239453883, "China PR": 1534.8724299537528, "Philippines": 1299.4699028681785, "Brazil": 1983.6407512069782, "Basque Country": 1790.041599402964, "Japan": 1884.5249229040526, "Paraguay": 1677.2811830189505, "Estonia": 1470.2519966470227, "Provence": 1447.2577322487164, "El Salvador": 1463.1260378642266, "Costa Rica": 1677.9108342638376, "Guatemala": 1570.6312151273876, "Yugoslavia": 1689.7482526090837, "Spain": 1970.4046921535014, "Portugal": 1933.093339830601, "Poland": 1799.1034885274346, "Brittany": 1531.0034742950513, "Romania": 1664.834609618437, "Australia": 1808.6076982213442, "New Zealand": 1584.049185679519, "Latvia": 1403.2054307172625, "Galicia": 1551.6150997592374, "Central Spain": 1501.3702570681064, "Mexico": 1781.7923048170646, "Andalusia": 1630.7547911031572, "Asturias": 1517.4358728782763, "Lithuania": 1424.941181360443, "Turkey": 1753.6539895600968, "Cura\u00e7ao": 1470.7675066621098, "Aruba": 1255.9027543983811, "Bulgaria": 1558.6022944460303, "Egypt": 1725.9231429027723, "Republic of Ireland": 1661.7115966947733, "South Africa": 1638.8852122800686, "Haiti": 1576.4694818622836, "Jamaica": 1671.9171943267374, "Uganda": 1443.9785419502812, "Kenya": 1495.075725394449, "Bolivia": 1568.1226279460423, "Peru": 1756.7556871847214, "Honduras": 1572.1243426741366, "Trinidad and Tobago": 1558.3332730720444, "Guyana": 1422.2309495381933, "Belarus": 1477.864821373168, "Ukraine": 1813.1627688511933, "Barbados": 1197.4144845398828, "Nicaragua": 1475.129320818765, "Greece": 1719.8309637051598, "Cuba": 1443.4634510258345, "Martinique": 1525.9981883188555, "Dominica": 1284.935317871625, "Silesia": 1517.7246976268552, "Guadeloupe": 1486.4712182998417, "Israel": 1590.501796429251, "Indonesia": 1493.6669858221749, "Suriname": 1483.3694864581737, "French Guiana": 1464.3222946153846, "Saint Lucia": 1333.231366289168, "Colombia": 1985.061791436826, "Panama": 1727.887252596984, "Venezuela": 1743.443603153857, "Ecuador": 1835.2318620170677, "Saint Kitts and Nevis": 1336.899134937431, "Grenada": 1288.058155012383, "India": 1397.6275684269876, "Slovakia": 1683.7467137190013, "Manchukuo": 1451.1267448237134, "Croatia": 1915.7250469649669, "Lebanon": 1414.4936237748348, "Puerto Rico": 1355.7898702376708, "Afghanistan": 1315.2720165713797, "Iran": 1848.388670314294, "Mongolia": 1131.887538188754, "Tanzania": 1475.9021827141437, "Zimbabwe": 1422.5133664118612, "Zambia": 1524.2300342831525, "Iceland": 1611.097997536478, "Albania": 1625.6637562722553, "Montenegro": 1598.5800511134046, "Madagascar": 1467.1930918609971, "Mauritius": 1294.5502759123674, "R\u00e9union": 1552.66922805621, "Zanzibar": 1477.7343347345015, "Djibouti": 1155.3452214397425, "Ethiopia": 1418.606678196617, "DR Congo": 1574.345947790254, "South Korea": 1815.6081475271747, "Vietnam": 1472.5338358959116, "Macau": 1043.7636478561726, "Dominican Republic": 1406.7988595323989, "Cyprus": 1415.6250578422514, "Sierra Leone": 1423.6049048890068, "Nigeria": 1634.621122436103, "Syria": 1493.4809832737283, "Serbia": 1795.8773953804186, "Taiwan": 1241.2951077750988, "Ghana": 1614.2112537111354, "Burma": 1488.4223254659682, "New Caledonia": 1516.246203421641, "Vanuatu": 1412.298183748243, "Fiji": 1507.1693999718084, "Myanmar": 1221.427823906955, "Pakistan": 1082.9188899317608, "Sri Lanka": 1031.6517726035527, "German DR": 1699.9007709871685, "Tahiti": 1523.0398954101338, "Gambia": 1452.9844132503372, "Hong Kong": 1300.5747968579162, "Singapore": 1375.4309881103145, "Malaysia": 1506.959886050861, "Guinea-Bissau": 1448.5793617334748, "Saarland": 1449.040242896699, "Burundi": 1438.805241401614, "Kernow": 1604.7464847471445, "Cambodia": 1136.0087209213832, "Thailand": 1556.3223376118267, "Vietnam Republic": 1418.2466182549147, "Kyrgyzstan": 1461.6096639348652, "Moldova": 1436.863879947659, "North Vietnam": 1465.9793570608942, "Togo": 1490.7706155417563, "North Korea": 1531.6261934884628, "Sudan": 1453.2890548244184, "Malta": 1401.3831269639995, "Libya": 1533.1556124203423, "Tunisia": 1724.7400572086624, "Malawi": 1456.9745743625838, "Morocco": 1808.840759552365, "Malaya": 1470.4488593641502, "Benin": 1489.3690279728312, "Cape Verde": 1626.6894607008762, "Mali": 1658.7123655104563, "Burkina Faso": 1576.959050396405, "Gabon": 1531.281861899445, "Central African Republic": 1403.312652079019, "Cameroon": 1640.5327756083238, "Ivory Coast": 1727.1596726807445, "Congo": 1395.176110210603, "Iraq": 1729.6945170432484, "Saint Vincent and the Grenadines": 1293.1405172613781, "Senegal": 1784.232981588869, "Laos": 1050.0070919680104, "Niger": 1346.6578320405806, "Mauritania": 1482.9267113275166, "Chad": 1276.2141594011127, "Liberia": 1353.23747237742, "Guinea": 1569.8484948979863, "Algeria": 1749.867638291235, "Jordan": 1687.4451614303316, "Kuwait": 1460.083302293223, "Papua New Guinea": 1412.4818268258327, "Solomon Islands": 1570.5449126198412, "Somalia": 1068.37881193834, "Saudi Arabia": 1640.5274415107235, "Bermuda": 1355.3214273803421, "Palestine": 1495.6319113116201, "Yemen": 1291.0510535371784, "Bahrain": 1586.7113481987353, "Oman": 1645.7622542630163, "Wallis Islands and Futuna": 1349.4865730070512, "Corsica": 1577.6408772315995, "Western Australia": 1412.0064043363968, "Eswatini": 1348.192296565743, "Botswana": 1435.3466903833653, "Qatar": 1722.2175992408033, "Lesotho": 1373.826306904769, "Bahamas": 1219.5136390360942, "Brunei": 1052.9680238087512, "Cook Islands": 1282.141850160996, "Yemen DPR": 1401.3785157942968, "United Arab Emirates": 1627.9897136743512, "Faroe Islands": 1333.3816866890836, "Nepal": 1195.5530006120528, "Antigua and Barbuda": 1301.491710369265, "Bangladesh": 1201.2266879422998, "Seychelles": 1098.8523822389707, "Equatorial Guinea": 1567.163083012317, "Mozambique": 1491.8731713814286, "Guam": 1087.1080355891754, "Angola": 1559.231187138105, "S\u00e3o Tom\u00e9 and Pr\u00edncipe": 1205.5571547227928, "Rwanda": 1450.8808331128798, "Northern Cyprus": 1632.5514718316995, "Armenia": 1518.4517187744136, "Georgia": 1687.989534307945, "Azerbaijan": 1529.698792836175, "Kazakhstan": 1496.1892705115188, "Comoros": 1449.7207518664463, "Maldives": 1184.1238976968007, "Tonga": 1210.9038519563871, "Tuvalu": 1308.1223810644112, "Kiribati": 1362.013595859617, "Samoa": 1342.693325504523, "Greenland": 1468.600590371722, "Liechtenstein": 1135.4033025747847, "Western Samoa": 1411.3080565063121, "Bhutan": 978.1777215069526, "South Yemen": 1472.8907300241237, "Niue": 1475.2705211346945, "American Samoa": 1162.764002390829, "Belize": 1295.1634523267905, "Cayman Islands": 1199.6458507745, "Anguilla": 1049.4075879814095, "British Virgin Islands": 1110.616543791383, "Palau": 1455.9588368622233, "Sint Maarten": 1291.012401205403, "Namibia": 1496.2682395210772, "Shetland": 1489.1724800753568, "Ynys M\u00f4n": 1630.7132245877501, "\u00c5land Islands": 1535.3861044550144, "Saint Martin": 1301.8241599937842, "San Marino": 1001.2685993398406, "Montserrat": 1334.7002816122133, "Slovenia": 1746.300045222022, "Isle of Wight": 1623.4190205566913, "Turkmenistan": 1357.3344081081023, "Uzbekistan": 1744.5645692051721, "Tajikistan": 1483.947116492674,