{"Scotland": 1739.2415158410624, "England": 1966.2679128494021, "Wales": 1760.396797637553, "Northern Ireland": 1565.900668764208, "United States": 1831.8886044973715, "Canada": 1729.7306558121218, "Argentina": 2062.521418537256, "Uruguay": 1907.1783099633483, "Hungary": 1829.832633971225, "Austria": 1838.6351454879255, "Czechoslovakia": 1693.8834626609619, "Belgium": 1954.3826447239455, "France": 1993.1925694771091, "Switzerland": 1807.158167760486, "Guernsey": 1683.9848508181856, "Alderney": 1145.280470896714, "Jersey": 1774.4585567250292, "Netherlands": 1938.9500667676211, "Germany": 1894.1067801343102, "Norway": 1739.7723256728534, "Sweden": 1773.3089912317123, "Italy": 1934.9936507448472, "Chile": 1715.5882112809197, "Finland": 1631.6702824545373, "Luxembourg": 1526.4542552105636, "Catalonia": 1708.2197337085775, "Russia": 1772.1112053737313, "Denmark": 1837.950695186416, "Philippines": 1317.4264625982441, "China PR": 1540.1820220078894, "Brazil": 1975.5084826171212, "Basque Country": 1790.0722784906316, "Japan": 1880.706698538494, "Paraguay": 1689.0375218213812, "Estonia": 1465.0723910980118, "Provence": 1447.2629910105588, "Costa Rica": 1661.11339799263, "El Salvador": 1458.7419304042667, "Guatemala": 1568.1214317988363, "Yugoslavia": 1689.741536353348, "Spain": 1967.0737491364728, "Poland": 1764.9268682474215, "Portugal": 1940.8549264385897, "Brittany": 1531.0251065792913, "Romania": 1685.8395634555745, "New Zealand": 1584.113576751577, "Australia": 1802.89646707349, "Latvia": 1405.0771647578447, "Central Spain": 1501.3702570681064, "Galicia": 1551.6228302945835, "Mexico": 1794.681727204904, "Andalusia": 1630.7889310400171, "Asturias": 1517.4358728782763, "Lithuania": 1406.7809767781678, "Turkey": 1761.6377421307664, "Cura\u00e7ao": 1457.1128545730476, "Aruba": 1259.658513248464, "Bulgaria": 1543.9911033691235, "Egypt": 1727.0285158022841, "Republic of Ireland": 1643.786629680867, "South Africa": 1629.9754986684263, "Jamaica": 1662.7559628692875, "Haiti": 1566.1836083985197, "Uganda": 1432.2781580198039, "Kenya": 1487.8283341843112, "Bolivia": 1575.230141194477, "Peru": 1760.0317875606895, "Honduras": 1553.2338057392053, "Guyana": 1437.2865129410504, "Trinidad and Tobago": 1543.1322784058984, "Belarus": 1495.3219121545428, "Ukraine": 1825.58955818238, "Barbados": 1206.9354186320309, "Nicaragua": 1449.0892587743795, "Greece": 1724.1143720051539, "Cuba": 1448.0941946664743, "Martinique": 1526.0470749964704, "Dominica": 1293.7909857912696, "Silesia": 1517.6429599738556, "Guadeloupe": 1486.5161059708898, "Israel": 1585.5664348573434, "Indonesia": 1493.9824509423227, "Suriname": 1471.7305728316674, "French Guiana": 1464.3651378033867, "Saint Lucia": 1344.0704263359764, "Colombia": 1975.3697486460414, "Venezuela": 1743.4947232653421, "Panama": 1720.0963048019944, "Ecuador": 1842.3163629521273, "Saint Kitts and Nevis": 1329.078671859257, "Grenada": 1296.5197243811124, "India": 1399.7818924835549, "Slovakia": 1663.386981022446, "Manchukuo": 1451.1267448237134, "Croatia": 1892.6294135056467, "Lebanon": 1402.1940560809026, "Puerto Rico": 1345.8888006160535, "Afghanistan": 1312.5074895849275, "Iran": 1852.2514234854375, "Mongolia": 1129.7352792635031, "Tanzania": 1454.2270392550038, "Zambia": 1550.4944110575873, "Zimbabwe": 1450.0179190364215, "Iceland": 1586.4715183216106, "Montenegro": 1615.7350552980815, "Albania": 1611.863945846595, "Madagascar": 1442.051941761829, "Mauritius": 1280.3471512061951, "R\u00e9union": 1553.158721911288, "Zanzibar": 1477.867645917195, "Djibouti": 1150.5319919248766, "Ethiopia": 1429.1402548896692, "DR Congo": 1551.5743838590352, "South Korea": 1807.460921511104, "Vietnam": 1469.4750076055607, "Macau": 1043.8307701529286, "Dominican Republic": 1407.6471057850895, "Cyprus": 1429.12237157415, "Nigeria": 1660.2190738510274, "Sierra Leone": 1410.7175977575223, "Syria": 1512.7884473586353, "Serbia": 1794.8698038904472, "Taiwan": 1250.2803094314768, "Ghana": 1585.9088019465664, "Burma": 1488.4218979558434, "New Caledonia": 1516.306796793605, "Vanuatu": 1412.3560813886907, "Fiji": 1507.2260914379729, "Myanmar": 1227.0375640929751, "Pakistan": 1087.1650599812517, "Sri Lanka": 1066.4841308672958, "German DR": 1699.901288399591, "Tahiti": 1523.0965577015816, "Gambia": 1463.1385751086284, "Hong Kong": 1299.0648730736416, "Singapore": 1387.112304897871, "Malaysia": 1503.3893315415828, "Guinea-Bissau": 1437.9582447822027, "Saarland": 1449.002939431623, "Burundi": 1432.2738272613622, "Kernow": 1604.7836476707316, "Cambodia": 1138.2943041916897, "Thailand": 1547.7274216625988, "Vietnam Republic": 1418.2958958838503, "Kyrgyzstan": 1450.9352519835966, "Moldova": 1424.0843016727813, "North Vietnam": 1465.9845094072193, "Togo": 1512.5434790860236, "North Korea": 1510.777762333134, "Sudan": 1422.8679772994342, "Malta": 1409.6710058298852, "Libya": 1540.3478918795388, "Tunisia": 1725.600426124208, "Malawi": 1462.827807873286, "Morocco": 1800.0084700775242, "Malaya": 1470.4487650263932, "Benin": 1449.2224566460463, "Cape Verde": 1629.9562324741905, "Mali": 1688.0122300570986, "Cameroon": 1628.6119329221046, "Burkina Faso": 1594.4360395337583, "Gabon": 1525.2884509513542, "Reunion": 1484.0, "Central African Republic": 1399.9125939028786, "Ivory Coast": 1729.665352382256, "Congo": 1398.100563940758, "Iraq": 1716.571337206349, "Saint Vincent and the Grenadines": 1295.7026733162902, "Senegal": 1788.8016827622691, "Laos": 1050.0758490863534, "Niger": 1346.7947937924835, "Liberia": 1336.1869595570047, "Chad": 1297.0597730262948, "Mauritania": 1507.9417531448448, "Guinea": 1566.9208934024327, "Algeria": 1769.4564113018305, "Kuwait": 1452.0112213784785, "Jordan": 1663.6695766111377, "Papua New Guinea": 1412.5409452682723, "Solomon Islands": 1570.6004384052096, "Somalia": 1075.1296809623748, "Saudi Arabia": 1654.6593858788863, "Bermuda": 1364.983102222461, "Palestine": 1505.0538937348838, "Bahrain": 1596.1391694074873, "Yemen": 1284.3698954695633, "Oman": 1651.2713348924271, "Wallis Islands and Futuna": 1349.0773444357255, "Corsica": 1577.6691102031466, "Western Australia": 1412.0207530773646, "Eswatini": 1377.3424931190748, "Botswana": 1448.664853225444, "Qatar": 1731.16958571943, "Lesotho": 1368.0014673663024, "Bahamas": 1235.7371262891272, "Brunei": 1018.28084261508, "Cook Islands": 1282.1695799077838, "Yemen DPR": 1400.973993658811, "United Arab Emirates": 1627.7086734524905, "Faroe Islands": 1358.9389674292233, "Nepal": 1193.3677408961942, "Antigua and Barbuda": 1321.6376054250163, "Bangladesh": 1210.0959294499285, "Seychelles": 1106.7995825957328, "Equatorial Guinea": 1564.2340698619346, "Mozambique": 1467.6490814470358, "Guam": 1100.8067040027715, "Angola": 1546.575191062298, "S\u00e3o Tom\u00e9 and Pr\u00edncipe": 1222.5122807846574, "Rwanda": 1453.489073515892, "Northern Cyprus": 1632.5639441799049, "Armenia": 1507.5969619926045, "Georgia": 1674.9125061913448, "Azerbaijan": 1525.8610390921524, "Kazakhstan": 1529.457555613433, "Comoros": 1457.2970749927395, "Maldives": 1184.2138108344218, "Tonga": 1210.9326494473703, "Tuvalu": 1308.1526745659885, "Kiribati": 1362.0236251479075, "Samoa": 1342.7245810079082, "Greenland": 1468.598420171636, "Liechtenstein": 1122.4795942152814, "Western Samoa": 1411.3089565128846, "Bhutan": 978.2507274579372, "South Yemen": 1472.8937746182187, "American Samoa": 1162.7911596463002, "Niue": 1475.2525344598318, "Belize": 1316.0407858716999, "Cayman Islands": 1184.283866299522, "Anguilla": 1056.905587189519, "British Virgin Islands": 1118.0385278344454, "Palau": 1455.9466458833933, "Sint Maarten": 1291.0316850182385, "Namibia": 1493.3801469806144, "Ynys M\u00f4n": 1630.6009346874393, "Shetland": 1489.1105592917697, "\u00c5land Islands": 1535.5102263035042, "Saint Martin": 1301.841972780286, "San Marino": 1004.7923852757511, "Montserrat": 1349.1379274174615, "Slovenia": 1748.4107232386832, "Isle of Wight": 1623.653766894231, "Turkmenistan": 1363.5984922717662, "Tajikistan": 1489.6196559753273,